Prompt Strategy,Models Averaged,C0 Acc,C1 Acc,C2 Abs Acc,C2 Rel Acc,C3 Code Acc,C3 Emotion F1,C4 Acc
Zero-shot,4,0.388475,0.2675,0.751375,0.2331,0.402975,0.329125,0.639525
Few-shot,4,0.300025,0.37,0.8240000000000001,0.301075,0.385,0.3843,0.6402749999999999
Retrieval few-shot,4,0.4039125,0.3997625,0.8435874999999999,0.3516,0.40625,0.409375,0.6906749999999999
