Metric,Best Value,Winner(s)
C0 Acc,0.45130000000000003,GPT-5.4-mini
C1 Acc,0.5633333333333334,GPT-5.4-mini
C2 Abs Acc,0.8466666666666667,GPT-5.4-mini
C2 Rel Acc,0.48666666666666664,GPT-5.4-mini
C3 Code Acc,0.45333333333333337,GPT-5.4-mini
C3 Emotion F1,0.4912,GPT-5.4-mini
C4 Acc,0.7200000000000001,GPT-5.4-mini
