Model,Prompt Strategies,C0 Acc,C1 Acc,C2 Abs Acc,C2 Rel Acc,C3 Code Acc,C3 Emotion F1,C4 Acc
Gemma 3 4B,"Zero-shot, Few-shot, Retrieval few-shot",0.21951666666666667,0.05725,0.7392333333333334,0.23949999999999996,0.33,0.3637666666666666,0.5779666666666666
Qwen 3 8B,"Zero-shot, Few-shot, Retrieval few-shot",0.3652166666666667,0.33243333333333336,0.8193833333333332,0.1532,0.4416666666666667,0.36546666666666666,0.6373333333333333
GPT-5-nano,"Zero-shot, Few-shot, Retrieval few-shot",0.4205166666666667,0.43,0.82,0.3016666666666667,0.3673,0.27663333333333334,0.6920000000000001
GPT-5.4-mini,"Zero-shot, Few-shot, Retrieval few-shot",0.45130000000000003,0.5633333333333334,0.8466666666666667,0.48666666666666664,0.45333333333333337,0.4912,0.7200000000000001
