prompt_strategy,variant_count,family_count,C0 Acc,C1 Acc,C2 Abs Acc,C2 Rel Acc,C3 Code Acc,C3 Emotion F1,C4 Acc
majority_class,1,1,0.3385,0.65,0.71,0.55,0.52,0.4216,0.57
zero_shot,3,3,0.34873333333333334,0.21333333333333335,0.7351666666666666,0.14413333333333334,0.3839666666666666,0.27086666666666664,0.6293666666666667
few_shot,4,4,0.300025,0.37,0.8240000000000001,0.301075,0.385,0.3843,0.6402749999999999
retrieval_few_shot,7,4,0.40227142857142856,0.3697285714285714,0.8355285714285714,0.3304,0.39999999999999997,0.39877142857142855,0.6822
